data.Id2 ,Geography,Employed; Estimate; Population 16 years and over - AGE - 16 to 19 years-2009,2008,deltaemploy10180,"Abilene, TX Metro Area",41.7,45.3,-3.610420,"Akron, OH Metro Area",33.2,38.8,-5.610500,"Albany, GA Metro Area",23.9,34.4,-10.510580,"Albany-Schenectady-Troy, NY Metro Area",34.5,37,-2.510740,"Albuquerque, NM Metro Area",31.3,38.4,-7.110780,"Alexandria, LA Metro Area",27.6,34.8,-7.210900,"Allentown-Bethlehem-Easton, PA-NJ Metro Area",33.4,30.5,2.911020,"Altoona, PA Metro Area",25.4,31.8,-6.411100,"Amarillo, TX Metro Area",37.8,40.6,-2.811180,"Ames, IA Metro Area",36.8,50.4,-13.611260,"Anchorage, AK Metro Area",35.3,44,-8.711300,"Anderson, IN Metro Area",30.1,42.9,-12.811340,"Anderson, SC Metro Area",16,35.3,-19.311460,"Ann Arbor, MI Metro Area",23.2,26.6,-3.411500,"Anniston-Oxford, AL Metro Area",30.7,31.9,-1.211540,"Appleton, WI Metro Area",48.6,51.9,-3.311700,"Asheville, NC Metro Area",34.7,39.6,-4.912020,"Athens-Clarke County, GA Metro Area",22.9,21.4,1.512060,"Atlanta-Sandy Springs-Marietta, GA Metro Area",23.2,27.2,-412100,"Atlantic City-Hammonton, NJ Metro Area",30.6,29.9,0.712220,"Auburn-Opelika, AL Metro Area",20.2,33.1,-12.912260,"Augusta-Richmond County, GA-SC Metro Area",24,27.7,-3.712420,"Austin-Round Rock, TX Metro Area",27.9,35,-7.112540,"Bakersfield, CA Metro Area",24.3,26.7,-2.412580,"Baltimore-Towson, MD Metro Area",31.2,36.8,-5.612620,"Bangor, ME Metro Area",35.4,46.2,-10.812700,"Barnstable Town, MA Metro Area",42,46.9,-4.912940,"Baton Rouge, LA Metro Area",33.4,30,3.412980,"Battle Creek, MI Metro Area",32.1,31.7,0.413020,"Bay City, MI Metro Area",41,36.5,4.513140,"Beaumont-Port Arthur, TX Metro Area",31.6,29.3,2.313380,"Bellingham, WA Metro Area",36.6,44.8,-8.213460,"Bend, OR Metro Area",32,35.7,-3.713740,"Billings, MT Metro Area",35.5,49.1,-13.613780,"Binghamton, NY Metro Area",27.2,33.8,-6.613820,"Birmingham-Hoover, AL Metro Area",28.6,32.9,-4.313900,"Bismarck, ND Metro Area",52.8,65.6,-12.813980,"Blacksburg-Christiansburg-Radford, VA Metro Area",22.9,22.4,0.514020,"Bloomington, IN Metro Area",23.2,25.5,-2.314060,"Bloomington-Normal, IL Metro Area",32,38.9,-6.914260,"Boise City-Nampa, ID Metro Area",30.9,38.6,-7.714460,"Boston-Cambridge-Quincy, MA-NH Metro Area",34.6,40.1,-5.514500,"Boulder, CO Metro Area",34.7,32.7,214540,"Bowling Green, KY Metro Area",21.5,34.6,-13.114600,"Bradenton-Sarasota-Venice, FL Metro Area",30.9,31.5,-0.614740,"Bremerton-Silverdale, WA Metro Area",21.2,35.1,-13.914860,"Bridgeport-Stamford-Norwalk, CT Metro Area",34.2,33.9,0.315180,"Brownsville-Harlingen, TX Metro Area",14.4,20.4,-615260,"Brunswick, GA Metro Area",23.7,19.8,3.915380,"Buffalo-Niagara Falls, NY Metro Area",39.4,42.9,-3.515500,"Burlington, NC Metro Area",43.7,36.9,6.815540,"Burlington-South Burlington, VT Metro Area",51.6,40,11.615940,"Canton-Massillon, OH Metro Area",32.6,38,-5.415980,"Cape Coral-Fort Myers, FL Metro Area",25,22.2,2.816020,"Cape Girardeau-Jackson, MO-IL Metro Area",42.1,NA,NA16180,"Carson City, NV Metro Area",48.2,NA,NA16220,"Casper, WY Metro Area",42.2,44,-1.816300,"Cedar Rapids, IA Metro Area",48.5,48.3,0.216580,"Champaign-Urbana, IL Metro Area",29.4,30.3,-0.916620,"Charleston, WV Metro Area",28.3,27.7,0.616700,"Charleston-North Charleston-Summerville, SC Metro Area",30.1,35.3,-5.216740,"Charlotte-Gastonia-Concord, NC-SC Metro Area",28.3,36.1,-7.816820,"Charlottesville, VA Metro Area",21.9,23.3,-1.416860,"Chattanooga, TN-GA Metro Area",32.3,37.5,-5.216940,"Cheyenne, WY Metro Area",43.7,44.1,-0.416980,"Chicago-Naperville-Joliet, IL-IN-WI Metro Area",28.9,33.4,-4.517020,"Chico, CA Metro Area",26.1,35.4,-9.317140,"Cincinnati-Middletown, OH-KY-IN Metro Area",34.3,41.9,-7.617300,"Clarksville, TN-KY Metro Area",25.2,28.2,-317420,"Cleveland, TN Metro Area",26.7,39.7,-1317460,"Cleveland-Elyria-Mentor, OH Metro Area",31.3,36.2,-4.917660,"Coeur d'Alene, ID Metro Area",48.7,49.1,-0.417780,"College Station-Bryan, TX Metro Area",26.3,25.7,0.617820,"Colorado Springs, CO Metro Area",35,32,317860,"Columbia, MO Metro Area",35,36.8,-1.817900,"Columbia, SC Metro Area",21.2,29.4,-8.217980,"Columbus, GA-AL Metro Area",17.7,17.4,0.318020,"Columbus, IN Metro Area",46.2,34.6,11.618140,"Columbus, OH Metro Area",32.4,40.3,-7.918580,"Corpus Christi, TX Metro Area",28.5,38.8,-10.318700,"Corvallis, OR Metro Area",35.6,28.9,6.719060,"Cumberland, MD-WV Metro Area",34.6,35,-0.419100,"Dallas-Fort Worth-Arlington, TX Metro Area",31.2,35.8,-4.619140,"Dalton, GA Metro Area",23.9,32.3,-8.419180,"Danville, IL Metro Area",27.4,33.8,-6.419260,"Danville, VA Metro Area",31.5,44.1,-12.619340,"Davenport-Moline-Rock Island, IA-IL Metro Area",39.7,48.9,-9.219380,"Dayton, OH Metro Area",35.2,36.3,-1.119460,"Decatur, AL Metro Area",35.1,38.9,-3.819500,"Decatur, IL Metro Area",32.4,47.3,-14.919660,"Deltona-Daytona Beach-Ormond Beach, FL Metro Area",25.1,25.5,-0.419740,"Denver-Aurora-Broomfield, CO Metro Area",31.2,39.9,-8.719780,"Des Moines-West Des Moines, IA Metro Area",52.5,52.3,0.219820,"Detroit-Warren-Livonia, MI Metro Area",26.8,31.4,-4.620020,"Dothan, AL Metro Area",31.3,34.1,-2.820100,"Dover, DE Metro Area",23.3,29.7,-6.420220,"Dubuque, IA Metro Area",39,60.7,-21.720260,"Duluth, MN-WI Metro Area",35.6,40,-4.420500,"Durham-Chapel Hill, NC Metro Area",22.1,26.5,-4.420740,"Eau Claire, WI Metro Area",45.6,48.3,-2.720940,"El Centro, CA Metro Area",14.6,18.8,-4.221060,"Elizabethtown, KY Metro Area",23.5,22.3,1.221140,"Elkhart-Goshen, IN Metro Area",28.7,40.6,-11.921300,"Elmira, NY Metro Area",33.7,33.1,0.621340,"El Paso, TX Metro Area",20.9,25.8,-4.921500,"Erie, PA Metro Area",35.4,35.3,0.121660,"Eugene-Springfield, OR Metro Area",30.2,34.9,-4.721780,"Evansville, IN-KY Metro Area",33.3,44,-10.721820,"Fairbanks, AK Metro Area",29.7,45.8,-16.122020,"Fargo, ND-MN Metro Area",48.1,43.2,4.922140,"Farmington, NM Metro Area",16.9,35.4,-18.522180,"Fayetteville, NC Metro Area",23.8,30.9,-7.122220,"Fayetteville-Springdale-Rogers, AR-MO Metro Area",28.5,40.4,-11.922380,"Flagstaff, AZ Metro Area",28.4,41.3,-12.922420,"Flint, MI Metro Area",27.2,26.9,0.322500,"Florence, SC Metro Area",22.2,17.8,4.422520,"Florence-Muscle Shoals, AL Metro Area",27.4,40.5,-13.122540,"Fond du Lac, WI Metro Area",55.4,65.8,-10.422660,"Fort Collins-Loveland, CO Metro Area",42.8,45,-2.222900,"Fort Smith, AR-OK Metro Area",27,41.2,-14.223020,"Fort Walton Beach-Crestview-Destin, FL Metro Area",27.3,33.8,-6.523060,"Fort Wayne, IN Metro Area",31.2,33.4,-2.223420,"Fresno, CA Metro Area",18.3,25.5,-7.223460,"Gadsden, AL Metro Area",27.5,25.6,1.923540,"Gainesville, FL Metro Area",23.4,26.9,-3.523580,"Gainesville, GA Metro Area",30,35.2,-5.224020,"Glens Falls, NY Metro Area",41.5,36.2,5.324140,"Goldsboro, NC Metro Area",32.7,34.3,-1.624220,"Grand Forks, ND-MN Metro Area",53.9,54.3,-0.424300,"Grand Junction, CO Metro Area",39,39.3,-0.324340,"Grand Rapids-Wyoming, MI Metro Area",29.4,35.7,-6.324500,"Great Falls, MT Metro Area",39,41.7,-2.724540,"Greeley, CO Metro Area",32.1,37.9,-5.824580,"Green Bay, WI Metro Area",46,52.2,-6.224660,"Greensboro-High Point, NC Metro Area",23.5,28.5,-524780,"Greenville, NC Metro Area",27.5,26.3,1.224860,"Greenville-Mauldin-Easley, SC Metro Area",27,37.6,-10.625060,"Gulfport-Biloxi, MS Metro Area",25.4,32.4,-725180,"Hagerstown-Martinsburg, MD-WV Metro Area",33.6,41.1,-7.525260,"Hanford-Corcoran, CA Metro Area",28.6,28.2,0.425420,"Harrisburg-Carlisle, PA Metro Area",40.2,42.5,-2.325500,"Harrisonburg, VA Metro Area",20.6,21.7,-1.125540,"Hartford-West Hartford-East Hartford, CT Metro Area",32.8,37.4,-4.625620,"Hattiesburg, MS Metro Area",27,36.7,-9.725860,"Hickory-Lenoir-Morganton, NC Metro Area",26.2,37.4,-11.225980,"Hinesville-Fort Stewart, GA Metro Area",17.1,37,-19.926100,"Holland-Grand Haven, MI Metro Area",38.8,40.7,-1.926180,"Honolulu, HI Metro Area",24.7,32.6,-7.926300,"Hot Springs, AR Metro Area",17.6,42.3,-24.726380,"Houma-Bayou Cane-Thibodaux, LA Metro Area",39.7,33.2,6.526420,"Houston-Sugar Land-Baytown, TX Metro Area",26.9,33.2,-6.326580,"Huntington-Ashland, WV-KY-OH Metro Area",29.3,30.1,-0.826620,"Huntsville, AL Metro Area",30.4,33.8,-3.426820,"Idaho Falls, ID Metro Area",42.2,37.8,4.426900,"Indianapolis-Carmel, IN Metro Area",32.2,37,-4.826980,"Iowa City, IA Metro Area",35.3,37.3,-227060,"Ithaca, NY Metro Area",27.8,47.6,-19.827100,"Jackson, MI Metro Area",30.4,31.2,-0.827140,"Jackson, MS Metro Area",23.1,26.1,-327180,"Jackson, TN Metro Area",34.8,43.5,-8.727260,"Jacksonville, FL Metro Area",30.1,37.2,-7.127340,"Jacksonville, NC Metro Area",11.8,16.3,-4.527500,"Janesville, WI Metro Area",49.9,42.4,7.527620,"Jefferson City, MO Metro Area",44.4,49.1,-4.727740,"Johnson City, TN Metro Area",41,39.6,1.427780,"Johnstown, PA Metro Area",17.7,26.7,-927860,"Jonesboro, AR Metro Area",26.3,31.3,-527900,"Joplin, MO Metro Area",31.6,37.5,-5.928020,"Kalamazoo-Portage, MI Metro Area",33.8,35,-1.228100,"Kankakee-Bradley, IL Metro Area",31.5,35.9,-4.428140,"Kansas City, MO-KS Metro Area",36.5,43.3,-6.828420,"Kennewick-Pasco-Richland, WA Metro Area",34.2,33.9,0.328660,"Killeen-Temple-Fort Hood, TX Metro Area",28.9,32.2,-3.328700,"Kingsport-Bristol-Bristol, TN-VA Metro Area",33.2,34.5,-1.328740,"Kingston, NY Metro Area",33.9,44.2,-10.328940,"Knoxville, TN Metro Area",36.5,34.4,2.129020,"Kokomo, IN Metro Area",25.1,32.9,-7.829100,"La Crosse, WI-MN Metro Area",44.2,38,6.229140,"Lafayette, IN Metro Area",28.2,25.9,2.329180,"Lafayette, LA Metro Area",40.6,40.2,0.429340,"Lake Charles, LA Metro Area",43.9,38.4,5.529420,"Lake Havasu City-Kingman, AZ Metro Area",35.9,29.6,6.329460,"Lakeland-Winter Haven, FL Metro Area",26.1,28.8,-2.729540,"Lancaster, PA Metro Area",37.3,46.3,-929620,"Lansing-East Lansing, MI Metro Area",28.8,34.8,-629700,"Laredo, TX Metro Area",19,25.3,-6.329740,"Las Cruces, NM Metro Area",32.8,34.1,-1.329820,"Las Vegas-Paradise, NV Metro Area",26.8,29.9,-3.129940,"Lawrence, KS Metro Area",26.7,44.5,-17.830020,"Lawton, OK Metro Area",34.4,16.1,18.330140,"Lebanon, PA Metro Area",49.6,41.6,830300,"Lewiston, ID-WA Metro Area",25.3,NA,NA30340,"Lewiston-Auburn, ME Metro Area",35.5,49.4,-13.930460,"Lexington-Fayette, KY Metro Area",28.1,38.6,-10.530620,"Lima, OH Metro Area",41.9,41.6,0.330700,"Lincoln, NE Metro Area",42.9,53.9,-1130780,"Little Rock-North Little Rock-Conway, AR Metro Area",31.3,34.4,-3.130860,"Logan, UT-ID Metro Area",43.5,55.6,-12.130980,"Longview, TX Metro Area",39.8,31.6,8.231020,"Longview, WA Metro Area",32.7,34.3,-1.631100,"Los Angeles-Long Beach-Santa Ana, CA Metro Area",20.1,26.2,-6.131140,"Louisville-Jefferson County, KY-IN Metro Area",34.6,39.8,-5.231180,"Lubbock, TX Metro Area",37.3,42.3,-531340,"Lynchburg, VA Metro Area",33.7,33,0.731420,"Macon, GA Metro Area",20.2,37.8,-17.631460,"Madera-Chowchilla, CA Metro Area",21,23.2,-2.231540,"Madison, WI Metro Area",40.9,49.3,-8.431700,"Manchester-Nashua, NH Metro Area",35.3,47.9,-12.631740,"Manhattan, KS Metro Area",40.9,NA,NA31860,"Mankato-North Mankato, MN Metro Area",52.3,NA,NA31900,"Mansfield, OH Metro Area",26.7,26.5,0.232580,"McAllen-Edinburg-Mission, TX Metro Area",22.5,28.6,-6.132780,"Medford, OR Metro Area",33.9,28.6,5.332820,"Memphis, TN-MS-AR Metro Area",24.6,31.9,-7.332900,"Merced, CA Metro Area",20.6,27.2,-6.633100,"Miami-Fort Lauderdale-Pompano Beach, FL Metro Area",22.3,28.1,-5.833140,"Michigan City-La Porte, IN Metro Area",28.6,38.7,-10.133260,"Midland, TX Metro Area",33.5,50.6,-17.133340,"Milwaukee-Waukesha-West Allis, WI Metro Area",38.2,42.1,-3.933460,"Minneapolis-St. Paul-Bloomington, MN-WI Metro Area",37.5,45.2,-7.733540,"Missoula, MT Metro Area",31.7,51.8,-20.133660,"Mobile, AL Metro Area",19.5,26,-6.533700,"Modesto, CA Metro Area",19.7,30.8,-11.133740,"Monroe, LA Metro Area",25.2,38.4,-13.233780,"Monroe, MI Metro Area",40.1,34.1,633860,"Montgomery, AL Metro Area",24.8,32.4,-7.634060,"Morgantown, WV Metro Area",19.3,19.9,-0.634100,"Morristown, TN Metro Area",24,53.4,-29.434580,"Mount Vernon-Anacortes, WA Metro Area",29.8,41.3,-11.534620,"Muncie, IN Metro Area",20.3,30.2,-9.934740,"Muskegon-Norton Shores, MI Metro Area",30.1,32.9,-2.834820,"Myrtle Beach-North Myrtle Beach-Conway, SC Metro Area",34.6,37.9,-3.334900,"Napa, CA Metro Area",23,36.6,-13.634940,"Naples-Marco Island, FL Metro Area",32.7,39.5,-6.834980,"Nashville-Davidson--Murfreesboro--Franklin, TN Metro Area",24.5,37.7,-13.235300,"New Haven-Milford, CT Metro Area",32.9,39.3,-6.435380,"New Orleans-Metairie-Kenner, LA Metro Area",27.1,32.3,-5.235620,"New York-Northern New Jersey-Long Island, NY-NJ-PA Metro Area",21.9,26,-4.135660,"Niles-Benton Harbor, MI Metro Area",23.7,42.2,-18.535980,"Norwich-New London, CT Metro Area",34.5,32.2,2.336100,"Ocala, FL Metro Area",21,33.3,-12.336140,"Ocean City, NJ Metro Area",40.4,27.1,13.336220,"Odessa, TX Metro Area",33.9,50.7,-16.836260,"Ogden-Clearfield, UT Metro Area",44.1,54.5,-10.436420,"Oklahoma City, OK Metro Area",31.8,43.7,-11.936500,"Olympia, WA Metro Area",28.7,33.4,-4.736540,"Omaha-Council Bluffs, NE-IA Metro Area",47.1,50.9,-3.836740,"Orlando-Kissimmee, FL Metro Area",24.7,33.2,-8.536780,"Oshkosh-Neenah, WI Metro Area",45.9,46.8,-0.936980,"Owensboro, KY Metro Area",36,46.6,-10.637100,"Oxnard-Thousand Oaks-Ventura, CA Metro Area",30.9,33.5,-2.637340,"Palm Bay-Melbourne-Titusville, FL Metro Area",23.9,29.5,-5.637380,"Palm Coast, FL Metro Area",34.7,41,-6.337460,"Panama City-Lynn Haven-Panama City Beach, FL Metro Area",34.2,49.3,-15.137620,"Parkersburg-Marietta-Vienna, WV-OH Metro Area",31,28.4,2.637700,"Pascagoula, MS Metro Area",28.7,38.7,-1037860,"Pensacola-Ferry Pass-Brent, FL Metro Area",26.8,30.6,-3.837900,"Peoria, IL Metro Area",34.7,46.1,-11.437980,"Philadelphia-Camden-Wilmington, PA-NJ-DE-MD Metro Area",30,31.1,-1.138060,"Phoenix-Mesa-Scottsdale, AZ Metro Area",30,37,-738220,"Pine Bluff, AR Metro Area",21.2,19.4,1.838300,"Pittsburgh, PA Metro Area",33,39.6,-6.638340,"Pittsfield, MA Metro Area",34.7,56.3,-21.638540,"Pocatello, ID Metro Area",43.8,48.5,-4.738860,"Portland-South Portland-Biddeford, ME Metro Area",43.9,44.6,-0.738900,"Portland-Vancouver-Beaverton, OR-WA Metro Area",29.4,35.2,-5.838940,"Port St. Lucie, FL Metro Area",18.1,37.3,-19.239100,"Poughkeepsie-Newburgh-Middletown, NY Metro Area",31.3,38.2,-6.939140,"Prescott, AZ Metro Area",34.5,44.6,-10.139300,"Providence-New Bedford-Fall River, RI-MA Metro Area",35.5,39.5,-439340,"Provo-Orem, UT Metro Area",40.7,43.3,-2.639380,"Pueblo, CO Metro Area",28.7,30.2,-1.539460,"Punta Gorda, FL Metro Area",22.7,40.7,-1839540,"Racine, WI Metro Area",32.3,52.7,-20.439580,"Raleigh-Cary, NC Metro Area",30.2,35.5,-5.339660,"Rapid City, SD Metro Area",52.7,48.4,4.339740,"Reading, PA Metro Area",34.1,34.1,039820,"Redding, CA Metro Area",24.2,33.7,-9.539900,"Reno-Sparks, NV Metro Area",33.4,38.8,-5.440060,"Richmond, VA Metro Area",26.8,36.3,-9.540140,"Riverside-San Bernardino-Ontario, CA Metro Area",19.6,26,-6.440220,"Roanoke, VA Metro Area",36.3,54.1,-17.840340,"Rochester, MN Metro Area",49.6,55.2,-5.640380,"Rochester, NY Metro Area",31.9,40.4,-8.540420,"Rockford, IL Metro Area",28.9,39.9,-1140580,"Rocky Mount, NC Metro Area",24.9,29.9,-540660,"Rome, GA Metro Area",22.1,30.5,-8.440900,"Sacramento--Arden-Arcade--Roseville, CA Metro Area",24.2,33,-8.840980,"Saginaw-Saginaw Township North, MI Metro Area",31.6,35.9,-4.341060,"St. Cloud, MN Metro Area",43,47.8,-4.841100,"St. George, UT Metro Area",44,57.9,-13.941140,"St. Joseph, MO-KS Metro Area",37.5,46.4,-8.941180,"St. Louis, MO-IL Metro Area",35.8,40.6,-4.841420,"Salem, OR Metro Area",33.9,34.7,-0.841500,"Salinas, CA Metro Area",23.7,27.1,-3.441540,"Salisbury, MD Metro Area",35.3,28.5,6.841620,"Salt Lake City, UT Metro Area",37.7,53.3,-15.641660,"San Angelo, TX Metro Area",37.1,29,8.141700,"San Antonio, TX Metro Area",26.9,32.1,-5.241740,"San Diego-Carlsbad-San Marcos, CA Metro Area",21.5,28.3,-6.841780,"Sandusky, OH Metro Area",37.2,34.4,2.841860,"San Francisco-Oakland-Fremont, CA Metro Area",21.8,25.7,-3.941940,"San Jose-Sunnyvale-Santa Clara, CA Metro Area",22.6,27.7,-5.142020,"San Luis Obispo-Paso Robles, CA Metro Area",31.8,29.5,2.342060,"Santa Barbara-Santa Maria-Goleta, CA Metro Area",30.6,38,-7.442100,"Santa Cruz-Watsonville, CA Metro Area",34,39.5,-5.542140,"Santa Fe, NM Metro Area",22.9,41.7,-18.842220,"Santa Rosa-Petaluma, CA Metro Area",30.9,36.2,-5.342340,"Savannah, GA Metro Area",20.6,24.3,-3.742540,"Scranton--Wilkes-Barre, PA Metro Area",32.9,39.8,-6.942660,"Seattle-Tacoma-Bellevue, WA Metro Area",28.7,35.1,-6.442680,"Sebastian-Vero Beach, FL Metro Area",38.5,42.6,-4.143100,"Sheboygan, WI Metro Area",59.1,56.8,2.343300,"Sherman-Denison, TX Metro Area",21.4,40,-18.643340,"Shreveport-Bossier City, LA Metro Area",28.7,28.6,0.143580,"Sioux City, IA-NE-SD Metro Area",46.2,50.7,-4.543620,"Sioux Falls, SD Metro Area",52,55,-343780,"South Bend-Mishawaka, IN-MI Metro Area",29.8,34,-4.243900,"Spartanburg, SC Metro Area",32,27.3,4.744060,"Spokane, WA Metro Area",35.7,37.2,-1.544100,"Springfield, IL Metro Area",37.1,40.7,-3.644140,"Springfield, MA Metro Area",28,35.1,-7.144180,"Springfield, MO Metro Area",35.8,43.3,-7.544220,"Springfield, OH Metro Area",36.2,48,-11.844300,"State College, PA Metro Area",15.5,20.5,-544700,"Stockton, CA Metro Area",18.6,24.8,-6.244940,"Sumter, SC Metro Area",18.4,16.9,1.545060,"Syracuse, NY Metro Area",26.7,35.7,-945220,"Tallahassee, FL Metro Area",20.7,29.7,-945300,"Tampa-St. Petersburg-Clearwater, FL Metro Area",25,34.2,-9.245460,"Terre Haute, IN Metro Area",24.9,42.3,-17.445500,"Texarkana, TX-Texarkana, AR Metro Area",12.2,44.9,-32.745780,"Toledo, OH Metro Area",29,34.4,-5.445820,"Topeka, KS Metro Area",39.5,52.2,-12.745940,"Trenton-Ewing, NJ Metro Area",35.6,32,3.646060,"Tucson, AZ Metro Area",27.5,35.2,-7.746140,"Tulsa, OK Metro Area",36.3,43.2,-6.946220,"Tuscaloosa, AL Metro Area",25.8,27.9,-2.146340,"Tyler, TX Metro Area",37.7,23.1,14.646540,"Utica-Rome, NY Metro Area",31.2,35.5,-4.346660,"Valdosta, GA Metro Area",22.5,43.7,-21.246700,"Vallejo-Fairfield, CA Metro Area",28.4,25.9,2.547020,"Victoria, TX Metro Area",36.4,49.9,-13.547220,"Vineland-Millville-Bridgeton, NJ Metro Area",22.2,39.7,-17.547260,"Virginia Beach-Norfolk-Newport News, VA-NC Metro Area",28,37.8,-9.847300,"Visalia-Porterville, CA Metro Area",22,18.8,3.247380,"Waco, TX Metro Area",27.4,36.7,-9.347580,"Warner Robins, GA Metro Area",26.8,36.8,-1047900,"Washington-Arlington-Alexandria, DC-VA-MD-WV Metro Area",26.7,31.5,-4.847940,"Waterloo-Cedar Falls, IA Metro Area",47.5,45.9,1.648140,"Wausau, WI Metro Area",40.5,55.9,-15.448260,"Weirton-Steubenville, WV-OH Metro Area",30.8,25.5,5.348300,"Wenatchee-East Wenatchee, WA Metro Area",42.9,37.2,5.748540,"Wheeling, WV-OH Metro Area",25.5,22.3,3.248620,"Wichita, KS Metro Area",35.6,46.3,-10.748660,"Wichita Falls, TX Metro Area",34.8,34.3,0.548700,"Williamsport, PA Metro Area",29.3,38.2,-8.948900,"Wilmington, NC Metro Area",37.4,40.4,-349020,"Winchester, VA-WV Metro Area",25.9,57.9,-3249180,"Winston-Salem, NC Metro Area",25.8,33.5,-7.749340,"Worcester, MA Metro Area",33.4,42.2,-8.849420,"Yakima, WA Metro Area",29.9,25.4,4.549620,"York-Hanover, PA Metro Area",36.3,45.5,-9.249660,"Youngstown-Warren-Boardman, OH-PA Metro Area",24.4,35,-10.649700,"Yuba City, CA Metro Area",21.5,26.5,-549740,"Yuma, AZ Metro Area",28.1,32.5,-4.4